PG,PG,SG,SG,SF,SF,PF,PF,C
98659-145327,98659-40201,98659-188426,98659-42677,98659-157851,98659-66064,98659-9646,98659-157822,98659-84714
98659-40201,98659-145331,98659-145327,98659-42677,98659-66064,98659-112708,98659-157851,98659-157822,98659-84714
98659-40201,98659-145331,98659-145327,98659-42677,98659-188426,98659-58153,98659-157851,98659-157822,98659-84714
98659-157850,98659-145331,98659-188426,98659-66064,98659-9714,98659-112708,98659-58462,98659-110352,98659-55057
98659-157850,98659-84669,98659-59318,98659-58153,98659-112708,98659-84678,98659-97263,98659-58462,98659-55057
98659-157850,98659-84669,98659-59318,98659-58153,98659-9714,98659-84678,98659-97263,98659-110352,98659-55057
98659-49675,98659-84669,98659-59318,98659-110356,98659-110347,98659-84678,98659-97263,98659-58462,98659-110352
98659-49675,98659-145335,98659-84695,98659-15993,98659-84694,98659-9714,98659-42156,98659-110347,98659-49111
98659-49675,98659-145335,98659-145324,98659-84695,98659-14530,98659-15800,98659-42156,98659-110347,98659-49111
98659-20848,98659-145335,98659-145324,98659-84695,98659-84694,98659-84689,98659-42156,98659-14530,98659-49111
